target,kind,n,prevalence,features,model,score,pr_auc,recall_yes,recall_no,bal_acc,brier_skill,mae,rmse,perm_p,perm_p_holm
Substitution,clf,37,0.6757,M0 background,linear,0.2903,0.5668,0.488,0.2667,0.3773,-0.4624,,,0.9601,0.9601
Substitution,clf,37,0.6757,M0 background,forest,0.2643,0.5701,0.492,0.1917,0.3418,-0.2524,,,,
Substitution,clf,37,0.6757,M0 background,boosting,0.3617,0.613,0.54,0.1667,0.3533,-0.3165,,,,
Substitution,clf,37,0.6757,M0 background,baseline,0.5,0.6554,1.0,0.0,0.5,0.0,,,,
Substitution,clf,37,0.6757,M1 + AI use,linear,0.324,0.5901,0.56,0.2667,0.4133,-0.7021,,,0.9261,1.0
Substitution,clf,37,0.6757,M1 + AI use,forest,0.3453,0.5963,0.712,0.2083,0.4602,-0.2133,,,,
Substitution,clf,37,0.6757,M1 + AI use,boosting,0.345,0.5906,0.64,0.2333,0.4367,-0.5202,,,,
Substitution,clf,37,0.6757,M1 without age,linear,0.35,0.5943,0.592,0.275,0.4335,-0.6399,,,0.8862,1.0
Substitution,clf,37,0.6757,AI use only,linear,0.386,0.606,0.612,0.3,0.456,-0.4967,,,0.7944,1.0
ExpectedLoss,reg,37,,M0 background,linear,0.0155,,,,,,1.9747,2.4645,0.0499,0.1497
ExpectedLoss,reg,37,,M0 background,forest,-0.1527,,,,,,2.1843,2.6718,,
ExpectedLoss,reg,37,,M0 background,boosting,-0.1392,,,,,,2.1726,2.6551,,
ExpectedLoss,reg,37,,M0 background,baseline,-0.0363,,,,,,2.0784,2.5338,,
ExpectedLoss,reg,37,,M1 + AI use,linear,-0.6054,,,,,,2.4864,3.1412,0.3952,1.0
ExpectedLoss,reg,37,,M1 + AI use,forest,-0.1369,,,,,,2.1795,2.6517,,
ExpectedLoss,reg,37,,M1 + AI use,boosting,-0.1855,,,,,,2.2409,2.71,,
ExpectedLoss,reg,37,,M2 + quality gap,linear,-0.7151,,,,,,2.5773,3.2488,,
ExpectedLoss,reg,37,,M2 + quality gap,forest,-0.1511,,,,,,2.1935,2.6679,,
ExpectedLoss,reg,37,,M2 + quality gap,boosting,-0.1817,,,,,,2.2119,2.7026,,
ExpectedLoss,reg,37,,M1 without age,linear,-0.8083,,,,,,2.6838,3.3386,0.7545,1.0
ExpectedLoss,reg,37,,AI use only,linear,-0.4949,,,,,,2.4354,3.04,0.7445,1.0
AnyDifficulty,clf,37,0.3243,M0 background,linear,0.5687,0.3657,0.4833,0.544,0.5137,-0.2215,,,0.3134,0.6267
AnyDifficulty,clf,37,0.3243,M0 background,forest,0.4447,0.3121,0.2417,0.6,0.4208,-0.2119,,,,
AnyDifficulty,clf,37,0.3243,M0 background,boosting,0.4367,0.3277,0.2417,0.636,0.4388,-0.299,,,,
AnyDifficulty,clf,37,0.3243,M0 background,baseline,0.5,0.305,0.0,1.0,0.5,0.0,,,,
AnyDifficulty,clf,37,0.3243,M1 + AI use,linear,0.5387,0.3617,0.3667,0.616,0.4913,-0.4071,,,0.3733,1.0
AnyDifficulty,clf,37,0.3243,M1 + AI use,forest,0.4213,0.317,0.2417,0.608,0.4248,-0.2031,,,,
AnyDifficulty,clf,37,0.3243,M1 + AI use,boosting,0.3977,0.3122,0.2583,0.568,0.4132,-0.4968,,,,
AnyDifficulty,clf,37,0.3243,M2 + quality gap,linear,0.552,0.3734,0.375,0.608,0.4915,-0.3894,,,,
AnyDifficulty,clf,37,0.3243,M2 + quality gap,forest,0.414,0.3092,0.2667,0.624,0.4453,-0.2142,,,,
AnyDifficulty,clf,37,0.3243,M2 + quality gap,boosting,0.4093,0.3114,0.2667,0.584,0.4253,-0.4824,,,,
AnyDifficulty,clf,37,0.3243,M1 without age,linear,0.568,0.416,0.4,0.624,0.512,-0.3712,,,0.3114,0.9341
AnyDifficulty,clf,37,0.3243,AI use only,linear,0.5153,0.3971,0.475,0.572,0.5235,-0.3835,,,0.4611,1.0
