target,family,kind,n,prevalence,features,model,score,pr_auc,recall_loss,recall_none,bal_acc,brier_skill,mae,rmse,perm_p,perm_p_holm
DomainsLost,overall,reg,37,,M0 background,linear,0.1422,,,,,,1.7973,2.2478,0.004,0.008
DomainsLost,overall,reg,37,,M0 background,forest,-0.1313,,,,,,2.223,2.5848,,
DomainsLost,overall,reg,37,,M0 background,boosting,-0.1274,,,,,,2.2172,2.5777,,
DomainsLost,overall,reg,37,,M0 background,baseline,-0.0591,,,,,,2.1193,2.4995,,
DomainsLost,overall,reg,37,,M1 + AI use,linear,-0.1275,,,,,,2.1419,2.5708,0.0379,0.0758
DomainsLost,overall,reg,37,,M1 + AI use,forest,-0.1808,,,,,,2.2131,2.6365,,
DomainsLost,overall,reg,37,,M1 + AI use,boosting,-0.2475,,,,,,2.2542,2.7085,,
DomainsLost,overall,reg,37,,M2 + quality gap,linear,-0.2195,,,,,,2.2192,2.6759,,
DomainsLost,overall,reg,37,,M2 + quality gap,forest,-0.2074,,,,,,2.2469,2.6668,,
DomainsLost,overall,reg,37,,M2 + quality gap,boosting,-0.2891,,,,,,2.3089,2.7546,,
DomainsLost,overall,reg,37,,M0 without age,linear,-0.1716,,,,,,2.2145,2.627,0.3114,0.6228
DomainsLost,overall,reg,37,,M0 + school language,linear,0.2239,,,,,,1.6834,2.1366,0.002,0.004
DomainsLost,overall,reg,37,,AI use only,linear,-0.3578,,,,,,2.3264,2.8265,0.4251,0.7944
AnyFormalLoss,overall,clf,36,0.75,M0 background,linear,0.7138,0.862,0.837,0.4444,0.6407,0.0467,,,0.0519,0.0519
AnyFormalLoss,overall,clf,36,0.75,M0 background,forest,0.4502,0.7292,0.7852,0.2222,0.5037,-0.1566,,,,
AnyFormalLoss,overall,clf,36,0.75,M0 background,boosting,0.4662,0.7393,0.8444,0.2556,0.55,-0.2003,,,,
AnyFormalLoss,overall,clf,36,0.75,M0 background,baseline,0.5,0.7244,1.0,0.0,0.5,0.0,,,,
AnyFormalLoss,overall,clf,36,0.75,M1 + AI use,linear,0.7013,0.8616,0.7852,0.4,0.5926,-0.0757,,,0.0739,0.0758
AnyFormalLoss,overall,clf,36,0.75,M1 + AI use,forest,0.5593,0.8103,0.7778,0.1556,0.4667,-0.1604,,,,
AnyFormalLoss,overall,clf,36,0.75,M1 + AI use,boosting,0.6157,0.8193,0.7852,0.3,0.5426,-0.2656,,,,
AnyFormalLoss,overall,clf,36,0.75,M2 + quality gap,linear,0.6423,0.8379,0.7741,0.3889,0.5815,-0.1778,,,,
AnyFormalLoss,overall,clf,36,0.75,M2 + quality gap,forest,0.5163,0.8011,0.7667,0.1444,0.4556,-0.1875,,,,
AnyFormalLoss,overall,clf,36,0.75,M2 + quality gap,boosting,0.5903,0.8079,0.8074,0.3,0.5537,-0.2919,,,,
AnyFormalLoss,overall,clf,36,0.75,M0 without age,linear,0.5192,0.806,0.6778,0.3,0.4889,-0.2542,,,0.4431,0.6228
AnyFormalLoss,overall,clf,36,0.75,M0 + school language,linear,0.8278,0.9001,0.8074,0.4111,0.6093,0.0838,,,0.006,0.006
AnyFormalLoss,overall,clf,36,0.75,AI use only,linear,0.5243,0.7525,0.6111,0.3,0.4556,-0.6096,,,0.3972,0.7944
Loss_WorkStudy,domain,clf,36,0.6944,M0 background,linear,0.6783,0.8298,0.784,0.4545,0.6193,0.0486,,,0.1138,0.4551
Loss_WorkStudy,domain,clf,36,0.6944,M0 background,forest,0.3527,0.6427,0.668,0.1818,0.4249,-0.2057,,,,
Loss_WorkStudy,domain,clf,36,0.6944,M0 background,boosting,0.4283,0.6786,0.7,0.1909,0.4455,-0.2629,,,,
Loss_WorkStudy,domain,clf,36,0.6944,M0 background,baseline,0.5,0.6806,1.0,0.0,0.5,0.0,,,,
Loss_WorkStudy,domain,clf,36,0.6944,M1 + AI use,linear,0.6967,0.8322,0.764,0.4909,0.6275,-0.0262,,,0.0739,0.3473
Loss_WorkStudy,domain,clf,36,0.6944,M1 + AI use,forest,0.572,0.7468,0.712,0.2909,0.5015,-0.0906,,,,
Loss_WorkStudy,domain,clf,36,0.6944,M1 + AI use,boosting,0.64,0.7762,0.732,0.4636,0.5978,-0.1593,,,,
Loss_WorkStudy,domain,clf,36,0.6944,M2 + quality gap,linear,0.6593,0.8096,0.752,0.4818,0.6169,-0.0875,,,,
Loss_WorkStudy,domain,clf,36,0.6944,M2 + quality gap,forest,0.5413,0.7718,0.7,0.2636,0.4818,-0.1076,,,,
Loss_WorkStudy,domain,clf,36,0.6944,M2 + quality gap,boosting,0.6127,0.7758,0.74,0.3818,0.5609,-0.2228,,,,
Loss_WorkStudy,domain,clf,36,0.6944,M0 without age,linear,0.514,0.7373,0.632,0.3182,0.4751,-0.2142,,,,
Loss_WorkStudy,domain,clf,36,0.6944,M0 + school language,linear,0.7583,0.8374,0.788,0.5727,0.6804,0.1027,,,,
Loss_WorkStudy,domain,clf,36,0.6944,AI use only,linear,0.5767,0.7587,0.664,0.5182,0.5911,-0.3075,,,,
Loss_Writing,domain,clf,37,0.5676,M0 background,linear,0.7617,0.7954,0.6714,0.6188,0.6451,0.1869,,,0.006,0.0359
Loss_Writing,domain,clf,37,0.5676,M0 background,forest,0.4163,0.5174,0.4667,0.35,0.4083,-0.0767,,,,
Loss_Writing,domain,clf,37,0.5676,M0 background,boosting,0.4069,0.5055,0.5,0.3688,0.4344,-0.1258,,,,
Loss_Writing,domain,clf,37,0.5676,M0 background,baseline,0.5,0.5456,1.0,0.0,0.5,0.0,,,,
Loss_Writing,domain,clf,37,0.5676,M1 + AI use,linear,0.5832,0.6379,0.5714,0.525,0.5482,-0.1511,,,0.2116,0.6347
Loss_Writing,domain,clf,37,0.5676,M1 + AI use,forest,0.3933,0.5284,0.519,0.3562,0.4376,-0.0829,,,,
Loss_Writing,domain,clf,37,0.5676,M1 + AI use,boosting,0.4485,0.5669,0.5286,0.3688,0.4487,-0.2725,,,,
Loss_Writing,domain,clf,37,0.5676,M2 + quality gap,linear,0.5666,0.6378,0.5667,0.5062,0.5365,-0.1653,,,,
Loss_Writing,domain,clf,37,0.5676,M2 + quality gap,forest,0.3863,0.5325,0.5381,0.3562,0.4472,-0.0881,,,,
Loss_Writing,domain,clf,37,0.5676,M2 + quality gap,boosting,0.4244,0.5466,0.5238,0.3375,0.4307,-0.3074,,,,
Loss_Writing,domain,clf,37,0.5676,M0 without age,linear,0.5112,0.5979,0.5048,0.4438,0.4743,-0.1212,,,,
Loss_Writing,domain,clf,37,0.5676,M0 + school language,linear,0.8101,0.8333,0.7476,0.6188,0.6832,0.2833,,,,
Loss_Writing,domain,clf,37,0.5676,AI use only,linear,0.3941,0.538,0.4857,0.3562,0.421,-0.3799,,,,
Loss_Self,domain,clf,37,0.4595,M0 background,linear,0.6169,0.5486,0.5647,0.545,0.5549,-0.0092,,,0.1856,0.4551
Loss_Self,domain,clf,37,0.4595,M0 background,forest,0.4354,0.4397,0.3471,0.605,0.476,-0.0681,,,,
Loss_Self,domain,clf,37,0.4595,M0 background,boosting,0.4229,0.4333,0.3588,0.505,0.4319,-0.1179,,,,
Loss_Self,domain,clf,37,0.4595,M0 background,baseline,0.5,0.4431,0.0,1.0,0.5,0.0,,,,
Loss_Self,domain,clf,37,0.4595,M1 + AI use,linear,0.6762,0.6349,0.6059,0.65,0.6279,-0.0384,,,0.0679,0.3473
Loss_Self,domain,clf,37,0.4595,M1 + AI use,forest,0.5421,0.5251,0.4765,0.575,0.5257,-0.016,,,,
Loss_Self,domain,clf,37,0.4595,M1 + AI use,boosting,0.5423,0.522,0.4882,0.565,0.5266,-0.1548,,,,
Loss_Self,domain,clf,37,0.4595,M2 + quality gap,linear,0.6871,0.636,0.5824,0.665,0.6237,-0.0577,,,,
Loss_Self,domain,clf,37,0.4595,M2 + quality gap,forest,0.5542,0.5212,0.4941,0.535,0.5146,-0.0142,,,,
Loss_Self,domain,clf,37,0.4595,M2 + quality gap,boosting,0.5652,0.533,0.5647,0.58,0.5724,-0.1399,,,,
Loss_Self,domain,clf,37,0.4595,M0 without age,linear,0.4504,0.463,0.4294,0.515,0.4722,-0.1745,,,,
Loss_Self,domain,clf,37,0.4595,M0 + school language,linear,0.5777,0.5121,0.5647,0.5,0.5324,-0.0756,,,,
Loss_Self,domain,clf,37,0.4595,AI use only,linear,0.59,0.5572,0.5941,0.55,0.5721,-0.0997,,,,
Loss_Personal,domain,clf,36,0.3333,M0 background,linear,0.6488,0.3997,0.5167,0.6458,0.5812,-0.1178,,,0.1497,0.4551
Loss_Personal,domain,clf,36,0.3333,M0 background,forest,0.5092,0.3259,0.4083,0.5375,0.4729,-0.1612,,,,
Loss_Personal,domain,clf,36,0.3333,M0 background,boosting,0.578,0.3603,0.55,0.5667,0.5583,-0.1969,,,,
Loss_Personal,domain,clf,36,0.3333,M0 background,baseline,0.5,0.3038,0.0,1.0,0.5,0.0,,,,
Loss_Personal,domain,clf,36,0.3333,M1 + AI use,linear,0.711,0.4834,0.4917,0.725,0.6083,-0.1337,,,0.0579,0.3473
Loss_Personal,domain,clf,36,0.3333,M1 + AI use,forest,0.535,0.4072,0.4083,0.6833,0.5458,-0.1056,,,,
Loss_Personal,domain,clf,36,0.3333,M1 + AI use,boosting,0.5233,0.3833,0.3417,0.675,0.5083,-0.3354,,,,
Loss_Personal,domain,clf,36,0.3333,M2 + quality gap,linear,0.68,0.4778,0.4167,0.7125,0.5646,-0.1942,,,,
Loss_Personal,domain,clf,36,0.3333,M2 + quality gap,forest,0.5233,0.3803,0.3583,0.6625,0.5104,-0.1193,,,,
Loss_Personal,domain,clf,36,0.3333,M2 + quality gap,boosting,0.5203,0.3672,0.3083,0.6375,0.4729,-0.3644,,,,
Loss_Personal,domain,clf,36,0.3333,M0 without age,linear,0.5538,0.3441,0.4417,0.5583,0.5,-0.2374,,,,
Loss_Personal,domain,clf,36,0.3333,M0 + school language,linear,0.6213,0.3855,0.4417,0.6417,0.5417,-0.1676,,,,
Loss_Personal,domain,clf,36,0.3333,AI use only,linear,0.6373,0.4782,0.525,0.5875,0.5563,-0.2099,,,,
Loss_Fusha,domain,clf,33,0.4848,M0 background,linear,0.3992,0.4249,0.5875,0.2765,0.432,-0.0978,,,0.7585,0.7585
Loss_Fusha,domain,clf,33,0.4848,M0 background,forest,0.4425,0.458,0.4938,0.4235,0.4586,-0.0419,,,,
Loss_Fusha,domain,clf,33,0.4848,M0 background,boosting,0.4536,0.4339,0.475,0.5059,0.4904,-0.1116,,,,
Loss_Fusha,domain,clf,33,0.4848,M0 background,baseline,0.5,0.455,0.375,0.5294,0.4522,0.0,,,,
Loss_Fusha,domain,clf,33,0.4848,M1 + AI use,linear,0.5283,0.5007,0.5562,0.4588,0.5075,-0.2951,,,0.3972,0.7066
Loss_Fusha,domain,clf,33,0.4848,M1 + AI use,forest,0.4167,0.5164,0.425,0.3882,0.4066,-0.0445,,,,
Loss_Fusha,domain,clf,33,0.4848,M1 + AI use,boosting,0.4511,0.5485,0.475,0.3353,0.4051,-0.1843,,,,
Loss_Fusha,domain,clf,33,0.4848,M2 + quality gap,linear,0.4894,0.4896,0.4938,0.4647,0.4792,-0.3204,,,,
Loss_Fusha,domain,clf,33,0.4848,M2 + quality gap,forest,0.4217,0.49,0.45,0.3882,0.4191,-0.0425,,,,
Loss_Fusha,domain,clf,33,0.4848,M2 + quality gap,boosting,0.4511,0.5297,0.4375,0.3706,0.404,-0.1834,,,,
Loss_Fusha,domain,clf,33,0.4848,M0 without age,linear,0.2589,0.3728,0.3625,0.2529,0.3077,-0.2257,,,,
Loss_Fusha,domain,clf,33,0.4848,M0 + school language,linear,0.5186,0.5086,0.575,0.4588,0.5169,-0.0649,,,,
Loss_Fusha,domain,clf,33,0.4848,AI use only,linear,0.5161,0.5459,0.5625,0.4588,0.5107,-0.1863,,,,
Loss_Consume,domain,clf,36,0.5,M0 background,linear,0.6821,0.671,0.6611,0.5111,0.5861,0.0696,,,0.0639,0.3194
Loss_Consume,domain,clf,36,0.5,M0 background,forest,0.5296,0.5385,0.4889,0.5556,0.5222,-0.015,,,,
Loss_Consume,domain,clf,36,0.5,M0 background,boosting,0.5712,0.5225,0.5889,0.5722,0.5806,-0.0271,,,,
Loss_Consume,domain,clf,36,0.5,M0 background,baseline,0.5,0.4661,0.5556,0.3333,0.4444,0.0,,,,
Loss_Consume,domain,clf,36,0.5,M1 + AI use,linear,0.5362,0.5436,0.5833,0.4444,0.5139,-0.2613,,,0.3533,0.7066
Loss_Consume,domain,clf,36,0.5,M1 + AI use,forest,0.4238,0.473,0.5222,0.4222,0.4722,-0.0564,,,,
Loss_Consume,domain,clf,36,0.5,M1 + AI use,boosting,0.3735,0.4345,0.4722,0.3833,0.4278,-0.2702,,,,
Loss_Consume,domain,clf,36,0.5,M2 + quality gap,linear,0.515,0.5264,0.5667,0.45,0.5083,-0.2986,,,,
Loss_Consume,domain,clf,36,0.5,M2 + quality gap,forest,0.3946,0.4804,0.5167,0.4056,0.4611,-0.0604,,,,
Loss_Consume,domain,clf,36,0.5,M2 + quality gap,boosting,0.3521,0.4237,0.4611,0.3167,0.3889,-0.3096,,,,
Loss_Consume,domain,clf,36,0.5,M0 without age,linear,0.6085,0.6098,0.5667,0.4722,0.5194,-0.0312,,,,
Loss_Consume,domain,clf,36,0.5,M0 + school language,linear,0.7502,0.6879,0.7278,0.5833,0.6556,0.1208,,,,
Loss_Consume,domain,clf,36,0.5,AI use only,linear,0.4229,0.4889,0.5111,0.3889,0.45,-0.2989,,,,
